Id,Title,Location,Summary
882e071610c0a8cd,ICT 경력사원,성남 분당구,"서비스 개발 경험 - 데이터 분석 서비스 개발 관련 툴 활용 경험( Python, R, Java 등) 주요업무 스마트 팩토리 및 스마트 제품/서비스... Database, .NET, Java, Python 등 시스템(SW..."
ca42174fece4f1e7,[HDC 랩스] 2022년 상반기 경력,서울특별시,"Spring, node.js, python 프레임워크를 활용한 서버 개발... 전공 무관 ㆍ총경력 : 4년 이상~8년 이하 ㆍ Python 개발 경력 4년 이상 - Python 서버 (Backend) 개발 경력 4년 이상 - 웹..."
21d2c5a3f43370e1,[ HDC 랩스 ] 2022년 상반기 경력,성남 분당구,인터넷·IT·통신·모바일·게임>웹프로그래머>백엔드|인터넷·IT·통신·모바일·게임>빅데이터·AI(인공지능)> Python|인터넷·IT·통신·모바일·게임>빅데이터·AI(인공지능)>빅데이터|인터넷·IT·통신·모바일·게임>네트워크...
e29bd57c416ee579,인재 Pool 등록,대한민국,"5년 이상 (IT기획, 프로젝트 PM/PL, 개발경력 등) - 자격 : 컴퓨터 언어 활용능력 보유 (JAVA, PYTHON) : 데이터베이스(RDBMS) 활용능력 보유 - 우대사항 : IT 예산(HW,SW,인건비) 수립 경험..."
485252a8f28fa0f8,데이터 사이언티스트 전문가,서울특별시,"개발 경험 . 자연어처리/시계열 분석/머신러닝/데이터 마이닝 알고리즘 이론 및 실무 적용에 대한 깊은 이해 . Python Data & Analytics 라이브러리 경험 (NLTK, Spacy, Scikit-Learn..."
3bceec7af2332b83,Engineer,서울,"languages, including... limited to: Java, C++, C and Python Understand and explain the core technology and digital..."
e8004f38042e7d44,NAVER Cloud 사내 플랫폼 운영,성남 삼평동,"Network관련 기초 지식을 보유하고 계신 분 - script ( Python, Html, javascript, Linux shell 중 1개이상... WEB/WAS, DB운영 경험 - Python, JAVA 중 하나의 프로그..."
3617e30a1af44426,[NHN SOFT] Back-End 경력 개발자,성남 분당구,통신·모바일·게임>웹프로그래머> Python|인터넷·IT·통신·모바일·게임... 로그래머>증강현실(AR)|인터넷·IT·통신·모바일·게임>응용프로그래머> Python|인터넷·IT·통신·모바일·게임>응용프로그래머>머신러닝(ML)|인터넷...
e7c8c2b11f24fb43,Software Engineer,서울,"languages, including... limited to: C++, Java, C and Python. Excellent written and verbal communication skills. About..."
e1f6164f1d03449a,주식회사 데이터스트림즈 기술연구소 Python/Java 개발자,성남 분당구,데이터스트림즈 기술연구소 Python/Java 개발자 채용 모집부문 및 자격요건 담당업무 자격요건 우대사항 Python/Java 개발 직군 경력직... 통신·모바일·게임>웹프로그래머> Python|인터넷·IT·통신·모바일·게임...
84329a66291839cd,각 부문별,서울 강남구,통신·모바일·게임>응용프로그래머> Python|인터넷·IT·통신·모바일·게임... W 엔지니어|인터넷·IT·통신·모바일·게임>빅데이터·AI(인공지능)> Python|유통·물류·운송·운전>유통·상품기획·MD>상품MD|유통·물류·운송...
2b9e604e63e7e46d,[카카오커머스] 기술직군,성남 분당구,"우대사항 - 전자금융 감독규정, PCIDSS에 대한 실무 경험이나 이해도가 높으신 분 - JAVA, Python, shell script 등 개발 역량을 갖추신 분 - 웹/앱 취약점 진단 및 모의해킹 역량을 갖추신..."
82d47e44be45bb97,Junior Structural Engineer,서울,"365. Structural Modeling software : Midas, Sofistik… IT language: Python (nice to have) . Job Segment: Structural Engineer..."
fcde9bb33408bea7,2022년 1월 CTO R&D 경력사원 (시뮬레이션/Pack/BMS),과천 과천시,"필요사항 - 개발, 양산, 필드 빅데이터 처리/분석 경험5년 이상 - Python 숙련자 (Pandas, Tensorflow, Keras 등 머신러닝... 석사 학위 이상 우대사항 - Python 활용 Data 처리 경험 보유..."
7d205770c41f1c8b,현대백화점 데이터기획팀 데이터 분석/기획 경력,서울 삼성역,"Tableau등 OLAP툴 활용 대시보드 구성 및 분석 결과 리포팅 수행 경험 - 중급 이상의 R, Python, SQL 역량 및 데이터 핸들링(추출/전처리(EDA)/요약 등) 역량 보유 - 클라우드(또는 온프..."
c7cf3ae03de76f24,[체험형 인턴] 데이터 분석,서울,"통계, 컴퓨터공학 등 관련 전공 석사 이상 재학중인 분 - 데이터 분석 관련 인턴 업무를 경험해보신 분 - Python/R 등을 이용한 데이터 분석 업무가 가능하신 분 - 데이터를 통해 비즈니스/일상의 문제를 분석하고 실제로..."
5fa942bd615ebd27,[TmaxAI/R&D] NLP(자연어/문서/음성)부문 개발자,성남 분당구,"DB 개발 경험이 있으신 분 [음성, 자연어처리] -관련 분야의 연구 경험 / 기본 지식 보유자 -기본적인 Python 프로그래밍이 가능하신 분 우대사항 [리더급] -전반적으로 인공지능 자연어/문서처리 기술에 대한 이해가..."
e30fe92d72ceb17c,"자율 주행, 로봇 SW 개발자",성남 수정구,"(주)에바 모집부문 및 자격요건 모집부문 담당업무 자격요건 인원 자율주행 SW 엔지니어 Python응용SW [담당업무]ROS 개발, 로봇 주행 알고리즘 개발, SW Optimization[근무부서 및 직급/직책]근무부서: 개발팀..."
5c0a9cd462235c2f,4년제 대졸 취업연계과정(ICT·바이오·응용SW분야/전공무관/취업률100),성남 분당구,게임>빅데이터·AI(인공지능)> Python|인터넷·IT·통신·모바일·게임... 로그래머>머신러닝(ML)|인터넷·IT·통신·모바일·게임>응용프로그래머> Python|인터넷·IT·통신·모바일·게임>응용프로그래머>증강현실(AR)|인터넷...
5ea9ea023c6ccc03,"S/W 엔지니어, 데이터분석 신입/경력 정규직, 인턴",성남 분당구,"케이션 제작 및 유지보수 업무- Python, Golang, QT 중 선택... 2. 시스템프로그래머- Python, Golang, QT 중 선택 가능3. 영상데이터 분석 및 모델링- python기반 영상데이터 분석 및 모델링..."
45b22fa764b0dae9,"빅데이터, 인공지능(AI) 외 신입 인턴",서울 종로구,AI(인공지능)>인공지능(AI)|인터넷·IT·통신·모바일·게임>빅데이터·AI(인공지능)>데이터분석|인터넷·IT·통신·모바일·게임>빅데이터·AI(인공지능)> Python|인터넷·IT·통신·모바일·게임>빅데이터·AI(인공지능)>R
b9d4defa6e2b7739,"[TmaxMetaverse/R&D] 게임 엔진, 게임 서버, 메타버스 스튜디오 개발자",성남 분당구,"유경험자 - 리액트 기반 개발 유경험자 [주 사용 언어] - C++, C# - Java Script - Python - Spring, React - HTML [지원 시 참고 사항] - 기술, 경험, 지식 등이 상세히 담긴..."
cb4eca654b2c2901,[TmaxEdu/R&D] 연구 개발자,성남 분당구,"CSS, JavaScript, TypeScript [Server 개발(사용 언어)] - Java, Python, SQL [Framework(사용 언어)] - React.js, Spring [입사 지원 시 참고 사항..."
872035f47cfd4850,자산운용팀 전략/리스크팀 퀀트(겨울방학 인턴),대한민국,공자의 경우 관련 과목 12학점 이상 이수 - Microsoft 엑셀 능숙자 선택 사항 (평가 가산점) - Python 또는 VBA 등 코딩 Skill 보유 - 관련 업종에서 2개월 이상 인턴쉽 또는 근무 경력 보유 - 관련...
ac9068957c550cb3,데이터 전문가(모델러/분석가/엔지니어) 모집,성남 판교역,대용량 데이터를 효율적으로 사용하기 위한 기반 데이터 가공 지원자격 데이터 사이언스를 위한 언어(R/ Python/Scala) 및 도구(scikit-learn/Spark MLlib/Tensorflow/Pytorch 등)를...
df21e3bb5d773616,Python Programmer,서울 서초구,개발 – JAVA 프로그래밍(라이브러리 활용) – Spring 프레임 워크 개발 – Python API 프로그래밍 우대사항 – Python 개발 경험 – Open Source 라이브러리 개발경험 – Web 표준에 대한 경험...
b3a6c83c9debcb92,네이버 파이낸셜 플랫폼 운영,성남 삼평동,"Docker(kubernetes) 및 어플리케이션 배포 전략 지식 보유 - Shell script, python 및 web framework 등 기타 프로그래밍 언어 활용 가능 - 국가보훈대상자 및 장애인은 법령에 의거..."
27b06cad4f2d0c63,클라우드 엔지니어,성남 판교역,"있으신 분 -WebLogic, JBoss 및 Tomcat과 같은 WAS 설치 및 구성 경험 있으신 분 - Python, Shell, Powershell 등의 스크립팅 언어 개발 경험 있으신 분 -대규모 프로젝트 수행 경험..."
6d86e9f32d31c84f,Data 분야 경력,서울,"해가 뛰어난 자 - R, Python, SAS, SQL 등 활용 역량 우대사항(해당 내용 중 1개 이상) - ML/DL 경험 인력 우대 - 관련 분야 석사 이상 학위 소지자 우대 - R, Python등 데이터분석 모델링 경험..."
bfe0f5ac4f32ec89,추천 통계분석/데이터사이언티스트,성남 판교역,"통계, 수학 관련 분야의 석사 또는 박사 학위 소지자 숙련된 데이터분석 능력 데이터 사이언스를 위한 언어( Python/R) 를 하나 이상 능숙하게 다룰 수 있으신 분 분석 결과를 설득력있게 전달할 수 있는 분 우대사항..."
71c47ac87bb4087e,기술 인턴 인공지능 응용 연구/개발 인턴,서울 관악구,"6개월) (협의) *모집 절차: 서류 à인터뷰(오프라인) *지원 자격: 프로그래밍 언어 활용 능력: Python, C, C++ 중 1가지 이상 데이터구조, 알고리즘 과목 이수 머신러닝과 딥러닝의 기본 개념 이해 머신러닝..."
adbd22b4349f9825,2022년도 1차 계약직,대전 유성구,"부전공): 전자, 컴퓨터, 멀티미디어, 산업공학 등 이공계열 응용·시스템 SW 프로그래밍(C/C++/C#/ Python 등) 기술 응용·시스템 통합 개발 기술 3D 그래픽 엔진(언리얼/유니티 등) 프로그래밍 기술 석사 이상 2..."
72a2585ce058fa09,[대형증권사] IT퀀트 개발자,서울 강남구,"로세스에 대한 이해학력사항: 대학교(4년)졸업 - 이공계 전공, C#, Python,JavaScript,SQL 사용 가능 우대 0 명 근무조건 고용형태... 통신·모바일·게임>웹프로그래머> Python|인터넷·IT·통신·모바일·게임..."
834db148c2e3c7b5,[NHN Cloud] 앱가드 Android 개발,성남 판교역,"모바일 앱의 해킹 탐지 및 방어 엔진 개발 - 모바일 보안 기술 연구 - C/C++, Java, Python 언어 중 하나 이상을 이용한 개발 경력 2년 이상 - 보안 관련 지식 - 모바일 보안 솔루션 개발 경험..."
23872d520aa9ead5,데이터 엔지니어 전문가,서울특별시,"EMR/Athena, Google Firebase/BigQuery 등) . Unix/Linux 환경 경험 . Python/SQL/NoSQL Scripting Language 사용 및 협업 경험 우대 사항 - 엔터프라이즈 데이..."
87309d3ff40ead61,딥러닝 AI 개발 연구원,성남 수정구,시스템프로그래머>임베디드(Embedded)|인터넷·IT·통신·모바일·게임>응용프로그래머>C·C++|인터넷·IT·통신·모바일·게임>응용프로그래머>Linux|인터넷·IT·통신·모바일·게임>빅데이터·AI(인공지능)> Python
c793a3ef3425f495,빅데이터 분석 기술인력 (정규직),서울 강남구,"담당업무]데이터 분석 분야 ( Python, R, SAS 기반의 DATA... BIG DATA 프로젝트 경험자, PL/PM 경력자 우대, R 또는 Python 활용가능한 경력자전공계열: 전산학, 컴퓨터공학, 수학, 응용소프트웨어..."
07ca8246e466046d,"인공지능(AI), 비전인식 신입/경력 정규직",창원 마산회원구,"• C++ / C# / Python 중 1개이상 사용가능 • MFC / QT... 무기술: 시스템프로그래머, 응용프로그램개발기타: • C++ / C# / Python 중 1개이상 사용가능• MFC / QT / OPENCV / SQL..."
ad07d6a330fb619a,[NHN Cloud] 운영 및 기술지원,성남 판교역,"Linux, Microsoft Solutions 등) - 2년 이상의 개발 경험 (Java, Python 등) - 기술 문서 작성 및 가이드 경험이 풍부한 자 - 대외 고객 기술 지원 경험 - Windows..."
05b54a7b23b66511,2022년 2월 경력사원 (제조지능화),청주 오창읍,"경험 - 빅데이터/AI 경험(R, Python,SAS 등 분석 Tool 활용... 구축 및 거버넌스 수립 - 분석솔루션(Spotfire, SAS, R, Python) 전파 필수사항 - 관련 업무 경력 8년 이상 - 분석 시스템 구축..."
0064deb5fa9cbce0,데이터 사이언티스트 모집,성남 판교역,"양한 실험을 통해 알고리즘을 개선합니다. 지원자격 지원자격 하나 이상의 프로그래밍 언어에 익숙한 분( Python, Java, C/C++, Scala 등) 머신러닝/딥러닝 오픈소스를 이용하여 1년 이상 특정 서비스에 모델..."
1fd963b87d62d30a,한화시스템/방산 2021년 한화시스템 방산부문 신사업분야 경력사원,성남 분당구,시스템개발자|인터넷·IT·통신·모바일·게임>빅데이터·AI(인공지능)> Python|전자·기계·기술·화학·연구개발>연구원·연구개발>전기·전자|전자·기계... 그래머>C·C++|인터넷·IT·통신·모바일·게임>응용프로그래머> Python
b8ad49577d39559c,웹개발자,경기도 하남,"jsp, css, html 유경험자-JAVA,SPRING BOOT, AI 인공지능, REST API, PYTHON 경험-AI 이미지 인식 관련 기본 지식 (CNN등) [근무시간 및 형태] 주 5일 근무 (오전) 8시 30분..."
474d97735565073a,[시높시스코리아] 2022년 Training & Hiring Program,서울 노원구,"수 있는 의사소통능력 우대사항 EDA Tool 개발 및 사용 경험이 있으신 분 스크립트 언어(bash, Python, TCL, Perl)를 다뤄본 경험이 있으신 분 AI & ML 분야에 관련한 깊은 경험 및 심화 지식이..."
c5a2d1029018e4ba,Expat: Experimental Physicist Tuning and Monitoring,경기도 화성,Experience in using office programs and Unix (Linux) Python and Jira experience is preferred. Deliberate and organized work...
9ab2041ab3380a21,카카오톡 안티어뷰징을 위한 데이터/백엔드 엔지니어 및 머신러닝 전문가 모집,성남 판교역,"Engineer, Data Scientist 해당 분야에서 활용되는 언어 및 도구를 능숙하게 다룰 수 있는 분( Python, Scala, PyMC, PySpark, Tensorflow 등) 우대 사항 컨테이너 환경에서의..."
2642a83874ea6bab,"영상처리, 컴퓨터 비전 전문가 (신입/경력)",성남 수정구,"인원 [담당업무] Python, C++, MFC, C를 이용하여 - OpenCV 로 Visual SLAM 개발- MFC, Python을 이용하여 GUI... 통신·모바일·게임>응용프로그래머> Python|인터넷·IT·통신·모바일·게임..."
20c4a5de16d47c5c,Sr. Corporate Application Engineer - Calibre DS,경기도 성남,"Linux OS, and previous experience with scripting or Tcl/ Python/Perl programming preferred Familiar with Siemens EDA’s Calibre..."
0699e6dbb5a0ec38,Software Engineer,서울,"skills with co-worker Good Programming Skills in C#, C, Python Embedded FW development Generate GUI (Graphic User..."
112db0c64f7899b8,[한국필립모리스] 각 부문,서울 영등포구,통신·모바일·게임>웹프로그래머> Python|인터넷·IT·통신·모바일·게임... 용프로그래머>자바스크립트|인터넷·IT·통신·모바일·게임>응용프로그래머> Python|인터넷·IT·통신·모바일·게임>시스템프로그래머>펌웨어·어셈블러|인터...
1961a1ecccb03336,[NIT Service] 네이버 파이낸셜 플랫폼 운영,성남 분당구,"및 어플리케이션 배포 전략 지식 보유 - Shell script, python 및 web framework 등 기타 프로그래밍 언어 활용 가능... 보유 - Shell script, python 및 web framework..."
19beeb5c7f50c5b4,데이터 사이언티스트,서울,맞게 데이터 모델 및 스키마를 꾸준히 개발 및 발전 * 이런 역량을 가지신 분을 찾습니다. - SQL / Python / R 등 데이터 분석 업무를 수행할 수 있는 하나 이상의 개발 언어를 경험하신 분 - 통계 지식에 대한...
872035f47cfd4850,자산운용팀 전략/리스크팀 퀀트(겨울방학 인턴),대한민국,공자의 경우 관련 과목 12학점 이상 이수 - Microsoft 엑셀 능숙자 선택 사항 (평가 가산점) - Python 또는 VBA 등 코딩 Skill 보유 - 관련 업종에서 2개월 이상 인턴쉽 또는 근무 경력 보유 - 관련...
5b3c147dddec314b,C++/PYTHON 백엔드 개발자 (근무지:춘천or서울),서울 구로구,"[직무내용] 모집 분야C++/ PYTHON 백엔드 개발자모집인원 : 2명담당... 또는 이와 동등한 학위 (경력자의 경우 실무경력 2년 이상)c++ 또는 python 사용에 능숙하신 분데이터베이스, 네트워크 등 s/w 개발과 관련한..."
65d27252d5d4fa22,[NHN SOFT] Front-End 경력 개발자,성남 분당구,통신·모바일·게임>웹프로그래머> Python|인터넷·IT·통신·모바일·게임... 로그래머>증강현실(AR)|인터넷·IT·통신·모바일·게임>응용프로그래머> Python|인터넷·IT·통신·모바일·게임>응용프로그래머>머신러닝(ML)|인터넷...
e29bd57c416ee579,인재 Pool 등록,대한민국,"5년 이상 (IT기획, 프로젝트 PM/PL, 개발경력 등) - 자격 : 컴퓨터 언어 활용능력 보유 (JAVA, PYTHON) : 데이터베이스(RDBMS) 활용능력 보유 - 우대사항 : IT 예산(HW,SW,인건비) 수립 경험..."
e11919aa1a40d234,Software Intern,서울,"good communication skills Good Programming Skills in C#, C, Python Understanding of attached peripherals (I2C, SPI) Basic..."
0699e6dbb5a0ec38,Software Engineer,서울,"skills with co-worker Good Programming Skills in C#, C, Python Embedded FW development Generate GUI (Graphic User..."
045c3f7ac2bf61ab,"Lead Software Engineer, Machine Learning (English)",서울,"machine learning. Experience coding in C++, C, or Python. Ability to speak and write in English fluently. Preferred..."
bfe0f5ac4f32ec89,추천 통계분석/데이터사이언티스트,성남 판교역,"통계, 수학 관련 분야의 석사 또는 박사 학위 소지자 숙련된 데이터분석 능력 데이터 사이언스를 위한 언어( Python/R) 를 하나 이상 능숙하게 다룰 수 있으신 분 분석 결과를 설득력있게 전달할 수 있는 분 우대사항..."
f21952a2d7a0bfd8,"[Robotics] Robotics Software Engineer, Navigation",서울,"요역량 ㅇ 컴퓨터 공학, 로봇 공학, 전자 공학 등 관련 기술 분야 석사 이상 학위 또는 3년 이상의 경력 ㅇ Python 혹은 C++ 언어의 능숙한 활용 ㅇ ROS/ROS2 혹은 유사한 framework를 활용한 robot..."
05b54a7b23b66511,2022년 2월 경력사원 (제조지능화),청주 오창읍,"경험 - 빅데이터/AI 경험(R, Python,SAS 등 분석 Tool 활용... 구축 및 거버넌스 수립 - 분석솔루션(Spotfire, SAS, R, Python) 전파 필수사항 - 관련 업무 경력 8년 이상 - 분석 시스템 구축..."
8a7f441c86f0e0cf,ML Engineer,서울,"클러스터 관리 • AI 서빙 클러스터 관리 • 모델 버전관리 및 배포 자동화 이런 분을 찾습니다! • Python, Kotlin, Node.js 등의 언어를 이용한 서비스 개발 경험이 있는 분 • RDBMS, NoSQL의..."
269f9a96319ef19a,머신러닝 엔지니어 모집,성남 판교역,"델의 성능 검증 및 지속 개선 대규모 로그 데이터 통계 분석을 통한 피쳐 추출 지원자격 #필수사항 Python, Java, C++ 등 언어 중 하나 이상 활용 가능하신 분 TensorFlow/Keras, PyTorch..."
e30f13cd0a081eaa,국내1위/세계2위 초우량기업 데이터분석 과장급,서울 중구,통신·모바일·게임>빅데이터·AI(인공지능)>R|인터넷·IT·통신·모바일·게임>빅데이터·AI(인공지능)> Python|인터넷·IT·통신·모바일·게임>빅데이터·AI(인공지능)>데이터분석|인터넷·IT·통신·모바일·게임>빅데이터·AI...
b58df20c5beab3e9,IT교육 교구 개발자 (펌웨어),제주 제주시,"Linux 계열 언어 : Python 또는 C MCU, GPU : Arduino, Raspberry Pi, NVIDIA Jetson 계열, 기타 임베디드 보드 필요지식 및 능력 Python 또는 C 가능자 우대경력 블록코딩..."
b79acb8f4c6b4c0d,Research Engineer,서울,"자격 요건) - 프로덕션 환경에서 발생하는 리얼 월드 문제들을 풀어 나가며 서비스와 함께 성장하고 싶으신 분 - Python 기반의 머신러닝 라이브러리를 활용한 개발에 익숙하신 분 (Tensorflow, Pytorch 등..."
10f2dcc4001cb35f,Software Engineer - CNC (Computer Numerical Control) program...,서울,"delivery) practices Experience in multiple programming languages – Python, Javascript, C# etc Experience in TDD (Test-Driven..."
733b814969bff5a7,Jr. Back-end Engineer (Python),서울 강남구,"이런 분을 찾아요 2년 이상의 Python을 활용한 백엔드 개발 업무를 수행한 경험이 있으신 분 Django, Django Rest Framework, Flask 등의 Python web framework를 사용하여..."
5fa942bd615ebd27,[TmaxAI/R&D] NLP(자연어/문서/음성)부문 개발자,성남 분당구,"DB 개발 경험이 있으신 분 [음성, 자연어처리] -관련 분야의 연구 경험 / 기본 지식 보유자 -기본적인 Python 프로그래밍이 가능하신 분 우대사항 [리더급] -전반적으로 인공지능 자연어/문서처리 기술에 대한 이해가..."
9ab2041ab3380a21,카카오톡 안티어뷰징을 위한 데이터/백엔드 엔지니어 및 머신러닝 전문가 모집,성남 판교역,"Engineer, Data Scientist 해당 분야에서 활용되는 언어 및 도구를 능숙하게 다룰 수 있는 분( Python, Scala, PyMC, PySpark, Tensorflow 등) 우대 사항 컨테이너 환경에서의..."
be6c1f03fa566f8e,추천 시스템 연구/개발,성남 판교역,"분야 석사 또는 박사 학위 소지자 적어도 하나 이상의 능숙한 프로그래밍 언어가 있으신 분 우대사항 Python, C++, GPU 프로그래밍 숙련자 TensorFlow, PyTorch, implicit 등 머신러닝/추천..."
4a5738febf355646,"[한국축산데이터] 백엔드 개발자, 프론트엔드 개발자, 엔지니어, AI연구원 (신입/경력)",서울 강남구,개발자 (Spring)백엔드 개발자( Python)백엔드 개발자(NestJS... 당업무]- 농장 전산 관리 프로덕트 (팜스플랜 매니저) 백엔드 개발 ( Python)[담당업무]- 가축 헬스케어 프로덕트 (팜스플랜) 백엔드 개발 인터...
c896322092980fcd,Business Consultant - Technology,서울,"Cloud Computing. Basic knowledge and skillset with Linux, Python, C++/.Net, RESTful API/Embedded API is required. About RWS..."
b3a6c83c9debcb92,네이버 파이낸셜 플랫폼 운영,성남 삼평동,"Docker(kubernetes) 및 어플리케이션 배포 전략 지식 보유 - Shell script, python 및 web framework 등 기타 프로그래밍 언어 활용 가능 - 국가보훈대상자 및 장애인은 법령에 의거..."
ccd4f5407a32ba6a,Data Scientist,서울,"analysis a plus, Programming... scripting exp.: eg. Python, C#, VBA, Java, Perl, etc. Experience in applied analytics..."
f8bfec7bfbdffd0a,애플리케이션 개발자&컨설턴트 정규직,서울 강남구,"Platform 컨설팅> JAVA/ Python/JScript 등의 개발... 경력(연차무관)학력사항: 대학(2,3년)졸업 이상직무기술: java, Python, javascript기타: > Basic SQL, HTML, CSS..."
444fc14aa330a211,네이버 파이낸셜 플랫폼 운영,성남 삼평동,"Docker(kubernetes) 및 어플리케이션 배포 전략 지식 보유 - Shell script, python 및 web framework 등 기타 프로그래밍 언어 활용 가능 - 국가보훈대상자 및 장애인은 법령에 의거..."
025b89990231eea6,[대형증권사] 자산배분전략 수립/모델개발,서울 강남구,통신·모바일·게임>웹프로그래머>JAVA|인터넷·IT·통신·모바일·게임>웹프로그래머>프론트엔드|인터넷·IT·통신·모바일·게임>웹프로그래머> Python|인터넷·IT·통신·모바일·게임>웹프로그래머>HTML·DHTML·mHTML
752a4b5d63eac97c,Sr. Back-end Engineer (Python),서울 강남구,"관리합니다. 개발 언어 : Python 개발 환경 및 도구 : Django... 이상의 백엔드 개발 경험, 또는 이에 준하는 역량을 가지신 분 Python 및 Python web framework를 활용한 백엔드 개발에 거부감이..."
aa20b37148768ec5,Quantitative Researcher,서울,etc.) Excellent academic record Proficiency in C/C++ or Python... other programming languages Excellent problem solving...
00b0f4d1f5f56d14,모바일 운영서비스 빌드/배포/테스트 자동화 개발자,서울 마포구,"와 같은 컨테이너 기반 기술 이해 및 경험- 리눅스 환경에 대한 경험- 기본 스크립트 언어 경험 : Python / Bash / Perl 등- 지속적 통합 (Jenkins, Fastlane) 이해 및 경험- 소스형상관리..."
b6f149c5d6b60323,"Analyst - Environmental, Social and Governance (12 months co...",서울,"ESG) Experience and training in data analytics tools like Python, Alteryx, Tableau, Excel or other analytical platforms..."
8a951dcf7c36065e,Vocational Training Program Intern (Developer/Researcher Rol...,서울,"one or more programming languages (e.g. C, C++, Python, JavaScript, Typescript, etc.) Intermediate communication skills..."
0f1a42c235df87db,"Customer Engineer, Google Cloud Customers",서울,"scripting/programming languages: Java, Go, Kotlin, C#, Python, Perl... Shell Scripting. Ability to rapidly prototype..."
14d562d10c215572,"PHP, Python 신입/경력 정규직",서울 금천구,"주식회사 비즈부스터 PHP, Python 개발자 채용 모집부문 및 자격요건 담당업무 자격요건 인원 [담당업무]*당사의 서비스(비즈탑) 솔루션 및 서비... 프로그래머>PHP |인터넷·IT·통신·모바일·게임>웹프로그래머> Python"
8a6e9cac2fec97be,스크린플랫폼개발팀 웹개발자,성남 분당구,인터넷·IT·통신·모바일·게임>통신·모바일>플랫폼(VM)|인터넷·IT·통신·모바일·게임>응용프로그래머> Python|인터넷·IT·통신·모바일·게임>웹프로그래머>웹개발
b9d4defa6e2b7739,"[TmaxMetaverse/R&D] 게임 엔진, 게임 서버, 메타버스 스튜디오 개발자",성남 분당구,"유경험자 - 리액트 기반 개발 유경험자 [주 사용 언어] - C++, C# - Java Script - Python - Spring, React - HTML [지원 시 참고 사항] - 기술, 경험, 지식 등이 상세히 담긴..."
72a2585ce058fa09,[대형증권사] IT퀀트 개발자,서울 강남구,"로세스에 대한 이해학력사항: 대학교(4년)졸업 - 이공계 전공, C#, Python,JavaScript,SQL 사용 가능 우대 0 명 근무조건 고용형태... 통신·모바일·게임>웹프로그래머> Python|인터넷·IT·통신·모바일·게임..."
d83fc0dd2641f483,전문연구요원 (병역특례) 수시 (AI / SW 분야),성남 분당구,요구 능력] - ASM/C/C++/ Python 언어 코딩 기술 - 운영체제... 경험 - Windows/Linux 상에서 C++/ Python 언어 사용 개발 경험 - C++ / Python 언어 사용 개발 경험 - 객체지향 설계에...
cb4eca654b2c2901,[TmaxEdu/R&D] 연구 개발자,성남 분당구,"CSS, JavaScript, TypeScript [Server 개발(사용 언어)] - Java, Python, SQL [Framework(사용 언어)] - React.js, Spring [입사 지원 시 참고 사항..."
839879671ea513c5,[웹젠] DBA(신입),성남 분당구,로운 기술과 도전을 좋아하는 분 - Data에 대한 관심이 높은 분 - Python 프로그램 경험이 있는 분 • 기타 - 수시채용은 공고 게시 중에도... 에 대한 관심이 높은 분 - Python 프로그램 경험이 있는 분 • 기타...
6cfffc13b8a012c3,Product Test Engineer,서울,"Knowledge of Compute Language in either C++/C or VB, Python is preferred.. Good command of oral and written English. Good..."
7d205770c41f1c8b,현대백화점 데이터기획팀 데이터 분석/기획 경력,서울 삼성역,"Tableau등 OLAP툴 활용 대시보드 구성 및 분석 결과 리포팅 수행 경험 - 중급 이상의 R, Python, SQL 역량 및 데이터 핸들링(추출/전처리(EDA)/요약 등) 역량 보유 - 클라우드(또는 온프..."
c793a3ef3425f495,빅데이터 분석 기술인력 (정규직),서울 강남구,"담당업무]데이터 분석 분야 ( Python, R, SAS 기반의 DATA... BIG DATA 프로젝트 경험자, PL/PM 경력자 우대, R 또는 Python 활용가능한 경력자전공계열: 전산학, 컴퓨터공학, 수학, 응용소프트웨어..."
4d6fa0f1b9726d7c,디지털 미디어 매니저(퍼포먼스&브랜딩) 신입/경력,서울 서초구,[우대 요건] 1) 마케팅 전공자 2) 영어 커뮤니케이션 가능자 3) Python을 통한 프로그래밍 가능자 4) 구글 및 페이스북 셀프서브 가능자 5) GA 및 써드파티 트래커 활용 가능자 마케팅·광고·홍보·조사>마케팅>온라인마케팅
c35e9b72a11aa338,[신입/경력] 의료영상/음성인식/생체신호 연구원,서울 서초구,게임>빅데이터·AI(인공지능)>인공지능(AI)|인터넷·IT·통신·모바일·게임>빅데이터·AI(인공지능)>딥러닝|인터넷·IT·통신·모바일·게임>응용프로그래머>C·C++|인터넷·IT·통신·모바일·게임>응용프로그래머> Python
a2b38b230474e622,카카오 전사 QA 모집,성남 판교역,"협업도구 (JIRA, Github 등)에 대한 경험이 있으신 분 테스트자동화 설계경험자 혹은 스크립트 언어( python, java, javascript 등) 가능자 긍정적인 마인드와 유연한 커뮤니케이션 능력 보유 능동적이고..."
123884d10ab67df7,Research Scientist(Computer Vision),서울,"에 게재 경험이 있어, 자율적인 환경에서 연구를 주도적으로 수행할 수 있으신 분 • 프로그래밍 언어 (ex. python, kotlin, javascript... 중 1개 이상에 능숙하여, 기본적인 소프트웨어 엔지니어링..."
ebd9b7e972f551fc,서버 개발자 Python(Django) Developer (신입/경력),서울 마포구,유관직무 경력자 서버 개발자 Python(Django) Developer... 있습니다.■ 자격 요건 인터넷·IT·통신·모바일·게임>웹프로그래머> Python|인터넷·IT·통신·모바일·게임>웹프로그래머>웹개발|인터넷·IT·통신...
8c32b5db8ab28c7d,"[광고 추천] 데이터 과학자, 기계학습(머신러닝) 전문가 모집",성남 판교역,"학습(머신러닝), 딥러닝에 관한 지식과 경험이 풍부한 분 하나 이상의 프로그래밍 언어에 능통한 분 (예, Python, R, Java, Scala, C/C++, Golang 등) 단, 주니어는 기계학습 기초 지식과 개발 역량..."
7585ef1908280606,데이터표준화 부문 경력,서울 강남구,"관리 2. 자격 요건 1) 필수 · Hadoop 데이터 플랫폼 사용 경험 · SQL, Spark(Scala, Python)등 데이터 처리 언어 1종 이상 숙련 · 대규모 트래픽 서비스, 대용량 배치처리 시스템의 Backend..."
fb8f5764cdbe3c39,"Customer Solutions Engineer, Global Client and Agency Soluti...",서울,"general purpose programming language (e.g., Java, C/C++, Python). Ability to speak and write in English and Korean fluently..."
e91b5984e7f5d3fd,"데이터베이스개발자, 웹개발 신입/경력 정규직",서울 영등포구,"개발자 ㆍCss/html 등 웹디자인 관련 유경험자 ㆍ자바스크립트, Python, C++, 닷넷 등 ㆍNode, Selenium, electron... 관련 유경험자ㆍ자바스크립트, Python, C++, 닷넷 등 ㆍNode..."
df86d9b3c5f1ead7,5G R&D 소프트웨어 개발자,서울,"Erlang, Java, Python Domain experience... 프로그래밍 언어: C, C++ (필수) / Erlang, Java, Python(우대) 기술 분야: 라디오 엑세스 네트워크, 5G NR, LTE..."
1399ee2f387a27dd,카카오 전체의 계정 플랫폼을 만들 서버개발자 모집,성남 판교역,"를 사용한 웹어플리케이션 개발 하둡 에코시스템을 활용한 대용량 데이터 처리 Ruby on Rails, Python 을 사용한 개발 Kafka, Redis, Elastic Search 등을 활용한 개발 함께 성장하고 싶다면..."
3fbf16cd38fd66c8,Software Developer & Verification,서울,"Programming Language and skillset: Java(preferred), C++, Python, CI Environment, Shell Script Native Korean and business..."
0e25160b5a1d095f,[유통 대기업] Business Analyst(비지니스분석가) 과차장급,서울,"이터 컨설팅 또는 비즈니스 컨설팅 경력 5년 이상 보유 -SQL, R, Python 중 1개 이상의 분석 도구 활용 경험 보유 -비지니스에 대한 문제... 게임>빅데이터·AI(인공지능)> Python|인터넷·IT·통신·모바일·게임..."
ac64fda2e281b835,"Software Engineer, People with Disabilities (장애인 채용)",서울,"languages, including... limited to: C++, Java, C and Python. Experience in a variety of projects utilizing natural..."
7df915e1f0f86b2d,Software Architecture 설계 엔지니어,성남 분당구,경험 - Windows/Linux 상에서 C++/ Python 언어 사용 개발 경험 - C++ / Python 언어 사용 개발 경험 - 객체지향 설계에... 게임>빅데이터·AI(인공지능)> Python|인터넷·IT·통신·모바일·게임...
e00d3977d633da67,[쿠키런: 오븐브레이크] 데이터 분석가 (경력),서울 강남구,통신·모바일·게임>ERP·시스템분석·설계>데이터분석|인터넷·IT·통신·모바일·게임>응용프로그래머> Python|인터넷·IT·통신·모바일·게임>웹프로그래머> Python|인터넷·IT·통신·모바일·게임>데이터베이스·DBA>SQL
3cd339cf8959f44d,생명정보학 부문 박사졸 선임연구원 정규직 정규직,서울 서대문구,"- Python or R 활용가능 -Linux terminal 능숙 -생물학... 생명정보학, 생물정보학-외국어: 영어 회화가능,독해가능,작문가능- Python or R 활용가능- Linux terminal 능숙- 생물학 기초 수강..."
3b7dbdf85a326a6d,국내 대기업 - AI 및 딥러닝 관련 경력자,서울,"관련 전문 지식 있는 분 - Python 또는 Scala, JAVA 활용... 레임워크 활용 역량 좋은 분- 자연어처리 관련 전문 지식 있는 분- Python 또는 Scala, JAVA 활용 역량- 미디어/커머스/전자/IT 업계..."
f28af5089e415287,HANA Development Support Engineer,서울,"analyzing complex problems Optional skills Knowledge of Python/shell-Scripting, C/C++ Using C++-Debuggers (like GDB..."
d8a8869ab092f731,데이터 엔지니어 및 사이언티스트,성남 판교역,"등 데이터 엔지니어와 사이언티스트의 업무를 경계 없이 수행하게 됩니다. 지원자격 개발 경력 3년 이상 Python, Scala, Java, C++ 중 하나 이상의 언어에 능통 SQL 또는 HiveQL에 능통 대용량 데이..."
1bb3ad92965d09e9,Network Engineer (Linux/Python),경기도 화성,Company Overview KLA is a global leader in diversified electronics... semiconductor manufacturing ecosystem. Virtually...
ae185a03d7b8f71e,"사물인터넷(IoT) 개발, 메카트로닉스 외 신입/경력 정규직",수원 영통구,"연구 빅데이터분석 및 AI개발 Python , WebRTC 프로그램개발... AI개발, Python / WebRTC프로그램개발 [우대사항] 전공계열: 공학계열 자격증: Python, Python 교육이수자, 빅데이터, 스마트공..."
9f6ca44bd1c54a7b,2022년 2월 경력사원 (품질),청주 오창읍,"경력 - 프로그래밍 언어(R, Python, Visual Basic 등... 년 이상 - Embedded SW 개발 (C, C++) 실무 경력 - Python 활용 Big Data 분석 및 수치 해석 경험 우대사항 - BMS..."
c019531002ee24e4,해양PNT(위치정보) 연구단 계약직,대전 유성구,기술·화학·연구개발>원자력·우주·조선·철강>우주·항공|인터넷·IT·통신·모바일·게임>응용프로그래머>C·C++|인터넷·IT·통신·모바일·게임>응용프로그래머> Python|인터넷·IT·통신·모바일·게임>웹프로그래머> Python
b03b8655f632f8f0,[네오컨버전스] 딥러닝 개발자 신입/경력 정규직,서울 성동구,"부설연구소 [자격요건]신입, 경력(연차무관)대학교(4년)졸업 이상- Python 개발 가능자- Pytorch 딥러닝 프레임 워크 경험자- 딥러닝 이해... 게임>빅데이터·AI(인공지능)> Python|인터넷·IT·통신·모바일·게임..."
25725b3c0e607311,Junior Quant Trader,서울,background is a plus Programming capability is mandatory (i.e. Python) Understanding of machine learning algorithm is a plus...
2005391e64a9cce1,SK 실트론 개발/평가/분석 부문 (신입/경력),경상북도 구미,"수행 경험 - FLUENT, COMSOL, Star-CCM+ 중 1개 이상 활용 경험 - C, C++, Python, Matlab, Fortran 중 1개 이상 활용 역량 유관 전공 : 재료, 기계, 화공 등 분석기..."
5373ec7f16244523,Renewables Consultant - Electrical Engineering,서울,"programming languages... PSS®E, PSCAD, PowerFactory Python, Matlab, etc; Experience with using MS Office suite packages..."
5a1932132530e651,Data Scientist (IBM Client Engineering),서울,"derive meaningful data insights (e.g., Python, R, Spark, TensorFlow, Jupyter, etc... language... Python or R Preferred..."
c5a2d1029018e4ba,Expat: Experimental Physicist Tuning and Monitoring,경기도 화성,Experience in using office programs and Unix (Linux) Python and Jira experience is preferred. Deliberate and organized work...
d585814d097935eb,카카오톡 보이스톡/페이스톡/라이브톡 개발자 모집,성남 판교역,"우대 사항 ✓ Spring/Java 혹은 Spring/Kotlin 기반 서버 개발 경험 ✓ MySQL, Python, JavaScript, Node.js 경험 ✓ 모바일/웹 환경을 위한 API 시스템 개발 경험 ✓ k8s..."
c8b28dbed2073069,"[IT취업교육] 빅데이터·파이썬 실무 전문가, 자바·스프링·앱 개발자 취업반",부산 부산진구,"파이썬 프로그래밍 - 실무 프로젝트 대회빅데이터 · 파이썬 실무 전문가 교육기간 : 2/21 ~ 8/4 - Python / 빅데이터 분석 - 웹 프로그래밍 언어(JAVA, JSP, HTML) - 리눅스 서버 / 윈도우 서버..."
692b80b5dfe1d32c,C++/PYTHON 백엔드 경력개발자 (서울/춘천),강원도 춘천,무경력 2년 이상) c++ 또는 python 사용에 능숙하신 분 데이터베이... C++/ PYTHON 백앤드 개발자 모집 (경력: 서울/춘천) 모집부문 및 자격요건 모집부문 담당업무 자격요건 인원 C++/ PYTHON 백엔드 개발자...
6d86e9f32d31c84f,Data 분야 경력,서울,"해가 뛰어난 자 - R, Python, SAS, SQL 등 활용 역량 우대사항(해당 내용 중 1개 이상) - ML/DL 경험 인력 우대 - 관련 분야 석사 이상 학위 소지자 우대 - R, Python등 데이터분석 모델링 경험..."
9720582e65044101,이공계 우수인력 희망기업,서울,과정명 연수지역 연수기관 연락처 경기도경제과학진흥원 JAVA와 파이썬( Python)기반 빅데이터 분석 양성 서울 031-259-6067 동양미래대학교... 게임>빅데이터·AI(인공지능)> Python|인터넷·IT·통신·모바일·게임...
19da3484bd7a72f1,Machine Learning R&D 연구원,서울 서초구,"가능) ㆍ최신 딥러닝, 기계학습 이론에 대한 이해 및 구현 역량 ㆍ Python, TnsorFlow, C/C++, TensorRT 등 프로그래밍 실무... 대한 이해 및 구현 역량 ㆍ Python, TnsorFlow, C/C++..."
7fe0c284fbf4045f,CRM 및 마케팅 데이터분석 담당자 - 국내 대기업 계열사,서울,"역량 (SQL 및 SAS, R, Python 등) - 통계 지식 보유 및... 경력자- 대용량 데이터 분석 툴 활용 역량 (SQL 및 SAS, R, Python 등)- 통계 지식 보유 및 데이터 모델링 가능자 우대- CRM 업무..."
9f0ce22eee4259bb,"교육 기획/운영, 시스템 기획",서울 성동구,"Science, Data Science, AI, Algorithm, Python 등... 데이터 분석, 인공지능, 프로그래밍 언어) 교육에 관심... AI, Algorithm, Python 등)• IT(데이터 분석, 인공지능..."
7c1c386cd39fecbb,Data Engineer,서울,"격을 디자인 합니다. 이런 분을 찾습니다! • 2년 이상의 데이터 엔지니어 업무 경험이 있는 분 • Python 혹은 Scala를 능숙하게 사용하시는 분 • Batch Processing, Stream Processing..."
fda8eb786eca1d3b,Data Engineer,서울 강남구,분을 찾아요 Data Engineering 관련 경력 GCP 클라우드 구축 및 운영 경험이 있으신 분 Python 스크립트 언어 사용에 능숙하신 분 Data lake 또는 warehouse 구축 및 운영 경험이 있으신...
e99d30a8f6947b41,모니터링 솔루션 개발자 모집,성남 판교역,개발/운영 2년 이상 서버 개발자 Java/Spring 기반 웹 서비스 개발 경력 2년 이상 서버 개발자 Python 기반 백엔드 시스템 또는 라이브러리 개발 프로젝트 실무 3년 이상 서버 개발자 ✔︎ 우대조건 다양한...
ec5c7ccd76639120,[외국계 스타트업 미소] Data Analyst,서울,통신·모바일·게임>빅데이터·AI(인공지능)>데이터분석|인터넷·IT·통신·모바일·게임>빅데이터·AI(인공지능)> Python|인터넷·IT·통신·모바일·게임>데이터베이스·DBA>MySQL|인터넷·IT·통신·모바일·게임>데이터베이스...
9adbc290202846e1,[아이브릭스] 기업부설연구소 전문연구요원,성남 분당구,모바일·게임>응용프로그래머>JAVA|인터넷·IT·통신·모바일·게임>응용프로그래머>자바스크립트|인터넷·IT·통신·모바일·게임>빅데이터·AI(인공지능)>머신러닝|인터넷·IT·통신·모바일·게임>빅데이터·AI(인공지능)> Python
474d97735565073a,[시높시스코리아] 2022년 Training & Hiring Program,서울 노원구,"수 있는 의사소통능력 우대사항 EDA Tool 개발 및 사용 경험이 있으신 분 스크립트 언어(bash, Python, TCL, Perl)를 다뤄본 경험이 있으신 분 AI & ML 분야에 관련한 깊은 경험 및 심화 지식이..."
e03c3db92d5c1291,"백엔드, 웹개발 경력 정규직 - 스타트업/워라밸/수평문화/연봉최대협의",안양 동안구,"mindhub.aiJob Description◎ 채용제목백엔드 개발자 채용◎ 자격요건- Node.js 또는 python 개발자- React.js, Vue.js, Flask, Django 중 1가지 경험자- REST-API..."
754be9e3d78fa802,2021년 상반기 R&D 개발자 (병역특례 가능/경력 무관),인천 연수구,"담당업무: - 블루투스 메시 기반 위치 추적 솔루션 개발 - 상기 솔루션의 임베디드 펌웨어 개발 - C(필수), Python, Javascript 프로그래밍 언어 사용 - 기술 지원 [자격요건] 경력사항: 무관 (신입도 지원..."
4d08d3e1f1815e21,현대백화점 H.Point팀 데이터 분석/기획 경력,서울 삼성역,"적용 모델링 - OLAP툴, R, Python, SQL 등 활용 분석 수행 및 리포팅 - 학사 이상 학위 취득자 - OLAP툴 사용 경험(3년 이상) - R, Python, SQL 등 심화 분석툴 경험(2년..."
55a19c92c845685e,Developer / Designer recruit,서울 논현동,"language (i.e Python, Ruby, Java, .Net... High proficiency in Python... knowledge... least one Python web framework..."
dd6b989057777812,"빅데이터, 인공지능(AI) 외 경력 정규직",서울 서초구,모바일·게임>빅데이터·AI(인공지능)>인공지능(AI)|인터넷·IT·통신·모바일·게임>빅데이터·AI(인공지능)> Python|인터넷·IT·통신·모바일·게임>빅데이터·AI(인공지능)>머신러닝|인터넷·IT·통신·모바일·게임>빅데이터...
340fa2d2204cf879,"Cloud AI Engineer, Professional Services",서울,"Experience writing software in one or more languages... Python, Scala, R... similar. Experience building machine..."
cd919aed133f6b4d,빅데이터분석 수시 채용,서울 을지로2가,"대사항] - 빅데이터 분석 프로젝트 Leading 경력 - 보건의료 빅데이터 분석 경력 - SAS, R, Python 등 프로그래밍 가능자 - 머신러닝/딥러닝 활용 예측모형 개발 - 보건의료빅데이터(건강보험심사평가원, 국민..."
b0e39e829a425353,카카오 광고 최적화 연구 및 개발,성남 판교역,"활용한 어플리케이션 개발 지원자격 하나 이상의 프로그래밍 언어에 익숙한 분 (C/C++, Java, Python, Go, Scala 등) [알고리즘 개발 업무 관련 지원 경우] 데이터 마이닝 또는 머신러닝 지식/경험이..."
df228c302c3c8f9b,서버개발자(벡앤드) 정규직,서울 강남구,시스템 개발 [자격요건]• 경력사항: 경력(3년 이상 7년 이하)• 학력사항: 학력무관• 중상급 이상의 Python 또는 JavaScript 언어 활용 가능자• Django 또는 Node.js rest framework에...
9d03965e8523cea6,[SAPEON Korea] Deep Learning 개발자,성남 분당구,변환 도구 개발 및 최적화 [필요역량 및 직무경험] C/C++ 또는 Python에 대한 깊은 이해 및 능숙한 개발 능력 소프트웨어 설계 및 알고리즘... 통신·모바일·게임>웹프로그래머> Python|인터넷·IT·통신·모바일·게임...
5ab0b45dfa93411b,Data Engineer 신입사원,서울 강남구,"분류, 개인정보 비식별화, 불량 코퍼스 필터링 등 다양한 ML 프로젝트 (예정)[자격요건]- Julia / Python / R 중에서 자신 있는 프로그래밍 언어가 있는 분- 하나의 데이터도 놓치지 않고 꼼꼼하게 관리할 수..."
ffacf5c4b4ca412c,물류 수/배송 최적화 및 거점 네트워크 설계 전문가 (유명 대기업),서울,"물류 관련 GIS 분석 및 구축 경험 (Skill/Qualification) - C, C++, Java, Python - Gurobi, Cplex Solver 경력사항: 해당 경력(3년 이상 ) 학력사항: 대학교(4년)졸업..."
14a84e493f6caa2b,Business Data Analyst (경력),서울 강남구,데이터베이스·DBA>SQL|인터넷·IT·통신·모바일·게임>응용프로그래머> Python|인터넷·IT·통신·모바일·게임>빅데이터·AI(인공지능)> Python|인터넷·IT·통신·모바일·게임>빅데이터·AI(인공지능)>데이터분석|인터넷...
be3bded8a1cab54d,Planning and Scheduling Optimization Development Engineer,대한민국,technical design. Object-oriented design and coding skills ( Python preferred). Knowledge... ability to use scripting...
b25a378d97c7a56c,[AI] 서비스/시스템 개발,성남 판교역,"Elasticsearch 사용 경험 - MSA 에 대한 이해 - Python, C, C++ 개발 경험 - Docker 및 Container... 이용한 로그 시스템 운영 - Python 개발 경력 3년 이상 또는 그에..."
3e7b756ca8ec169f,가상화 엔지니어 정규직,서울 서초구,DM/NV 등) 우대사항 1) 정보처리산업기사 이상의 자격을 보유하신 분 2) PowerShell/Bash/ Python 등 System Script 경험이 있는 분 기타정보 1) 삼성전자 반도체 사업장 VMware 가상화...
73f1cc68f788aba4,"웹프로그래머, 웹개발자 신입/경력 정규직, 계약직",서울 강동구,인터넷·IT·통신·모바일·게임>웹프로그래머>ASP.NET|인터넷·IT·통신·모바일·게임>웹프로그래머> Python|인터넷·IT·통신·모바일·게임>웹프로그래머>프론트엔드|인터넷·IT·통신·모바일·게임>웹프로그래머>백엔드|인터넷...
27b06cad4f2d0c63,클라우드 엔지니어,성남 판교역,"있으신 분 -WebLogic, JBoss 및 Tomcat과 같은 WAS 설치 및 구성 경험 있으신 분 - Python, Shell, Powershell 등의 스크립팅 언어 개발 경험 있으신 분 -대규모 프로젝트 수행 경험..."
381d9c8a1dfcae53,Sr. Corporate Application Engineer - Calibre DS,경기도 성남,"Linux OS, and previous experience with scripting or Tcl/ Python/Perl programming preferred Familiar with Siemens EDA’s Calibre..."
447e5726f229a2b7,"Cloud Technical Solutions Engineer, Networking, Google Cloud",서울,"reading or debugging code (e.g., Java, C, C++, .NET, Python, Shell, Perl, JavaScript). Experience advocating for customer..."
0a57a69a13126ff5,셀프 인테리어 위한 AI 플랫폼 서비스 개발자,성남 분당구,이상의 python 또는 node.js실무 개발경험이 있는 분 -Restful API에 대한 이해와 실무경험이 있는 분 인터넷·IT·통신·모바일·게임>웹프로그래머>웹개발|인터넷·IT·통신·모바일·게임>웹프로그래머> Python...
ef98c82fd130b9e1,[AI] 연구 개발,성남 판교역,"관련 배경지식 보유자 - Python, C, C++ 개발 경험... 개발 경력 2년 이상 - 머신러닝 프로젝트 또는 백그라운드 보유 - Python, C, C++ 개발 경험 - Pytorch, Tensorflow..."
946014e8c4501212,Backend Engineer,서울,"젝트를 공개하고 지속적인 기여를 통해 프로젝트를 발전시킵니다. 자격요건 - 하나 이상의 프로그래밍 언어( Python, Golang, C++, ...)를 능숙하게 사용하시는 분 - AWS, GCP, Azure 등 Cloud..."
ced15ce8e8c9c0b8,[진행중] 우리은행 AI사업부 전문직(인공지능[AI]모델링) 채용공고,서울 회현동,"포함 디지털 서비스 기획 경험자 - 인공지능 알고리즘 설계/검증 및 성능 개선 업무 경력 보유 - Python, R 등 프로그래밍 활용 역량 보유 - 은행, 카드, 보험 등 금융 분야 프로젝트 경험자 우대사항..."
46253fd5b203d931,"[로봇개발본부(판교근무)] 각 분야별 (백엔드, WEB APP 개발, APP 개발)",성남 분당구,게임>웹프로그래머>웹개발|인터넷·IT·통신·모바일·게임>웹프로그래머> Python|인터넷·IT·통신·모바일·게임>웹프로그래머>JAVA|인터넷·IT·통신... 통신·모바일·게임>응용프로그래머> Python|인터넷·IT·통신·모바일·게임...
4cc15c26097421c5,"개발자 - Python 프로그래밍과 Java, C 소스코드 분석",서울 송파구,"자격요건 인원 [담당업무]개발자 - Python 프로그래밍과 Java, C 소스코드 분석[근무부서 및 직급/직책]근무부서: 엔터프라이즈 솔루션직급/직책: 팀원, 대리, 차장 [필요기술]ㆍ Python 프로그래밍과 Java, C..."
188606f62a55c44a,Data Scientist (Clinical Plan Analyst),서울,Comprehensive testing of your own code. Qualifications • R/ Python/Pyspark 등의 programming language를 사용한 data 분석 경험 1년 이상의 경력...
b6d169aa029a45a6,[강남/스타트업] 에이스랩 자율주행 엔지니어,서울 강남구,"공학 등 관련학사혹은 상응하는 지식- 프로그래밍 능력 (C/C++, python, etc)자세한 업무 및 자격 요건은 자사 홈페이지에서 확인 00 명... 통신·모바일·게임>응용프로그래머> Python|인터넷·IT·통신·모바일·게임..."
8d05eb89c3dfb9f3,IT/AI 개발 팀원/팀장,서울 용산구,(주)제이로고스 IT/AI 개발 팀원/팀장을 모집합니다. 모집부문 및 자격요건 담당업무 자격요건 인원 ﻿JAVA / Python 프로그래머 경력사항: 경력(연차무관) 학력사항: 대학교(4년)졸업 이상 0 명 근무조건 고용형태: 정규직...
59bfeb68f785d534,Product Development Engineer,경기도 화성,diffraction theory Strong programming and scripting skills in Python is highly desirable. Strong background in engineering...
8af26b37623864c4,8퍼센트 개발자 (신입/경력),서울 종로구,개발 금융 데이터 분석과 분석 플랫폼 운영 자격요건 컴퓨터 전공자 또는 웹 개발 경력 1년 이상 우대사항 Python 코드를 무리 없이 읽으실 수 있는 분 Linux/Mac 사용 가능한 분 새로운 기술에 대한 호기심을 가지신...
eff6d38d4767ff87,Software Engineer,서울,"parallel computing TECHNOLOGIES: Languages programming: Python, GO, C++, Java, Scala, JavaScript, TypeScript DevOps: Docker..."
cd829f275871114e,[SNOW] 렌더링 엔진 개발자,서울,"팩토링, 디자인 패턴, ReactiveX 활용 경험 - Java, Swift(Objective C), Lua, Python 등 다양한 언어 경험 - Computer Graphics 이해 - Image Processing 이해..."
23af8d8e2fdd7c67,상반기 각 부문 신입/경력 직원,서울,통신·모바일·게임>웹프로그래머> Python|인터넷·IT·통신·모바일·게임... 인공지능)> Python|인터넷·IT·통신·모바일·게임>응용프로그래머>인공지능(AI)|인터넷·IT·통신·모바일·게임>응용프로그래머> Python|인터넷...
99b17cdf7773a816,Machine Learning Engineer - Korea,서울,"Fluent with one or more programming languages including Python, Java, and Golang. Knowledgeable with production-level machine..."
e3f3b7e2103d9bc7,"웹개발, 백엔드 외 신입/경력 정규직",서울 강남구,로그래머>웹개발|인터넷·IT·통신·모바일·게임>웹프로그래머>백엔드|인터넷·IT·통신·모바일·게임>웹프로그래머>프론트엔드|인터넷·IT·통신·모바일·게임>웹프로그래머> Python|인터넷·IT·통신·모바일·게임>웹프로그래머>PHP
43835708050a81c8,[TmaxAI/R&D] AI & FinTech 부문 프론트엔드 개발자,성남 분당구,"전산관련 전공 - 반응형 디자인, 웹 접근성, 웹 표준을 고려한 UI 개발 경험이 있는 분 - Node.js, Python, PHP와 같은 다양한 언어 및 프레임워크 경험이 있는 분 - 테스트 및 배포 자동화 경험이 있는 분..."
8c125d2ddacbec6e,[SNOW] 렌더링 엔진 개발자,성남 분당구,"토링, 디자인 패턴, ReactiveX 활용 경험- Java, Swift(Objective C), Lua, Python 등 다양한 언어 경험- Computer Graphics 이해- Image Processing 이해 인터넷..."
dbe3257e487e5814,[AI/Lab] AI 백엔드 엔지니어 (전문연구요원 가능),서울,"플랫폼 및 시스템 구축 이런 분을 찾습니다 주도적으로 문제를 찾고, 해결할 수 있는 능력을 보유하신 분 Python 또는 하나 이상의 언어에 능숙하신 분 Cache와 DB를 사용한 Restful API 개발 경험이 있으신분..."
bec33b19427238a4,(주)작당모의 앱 개발자,서울 서초구,"1. 백엔드 개발 1년이상, OOP/Function Language 개발 가능, AWS 개발 경험 등 2. Python Django 개발, Nodejs React 개발, MySQL 개발 경험 등 3. React Native..."
6825074ac2d6f4ad,[INEEJI 인공지능연구소] AI 예측 전문기업 개발팀원,성남 분당구,INEEJI 인공지능연구소] 예측 서비스 AI엔지니어 모집(경력)- 인공지능기반 시계열 예측 서비스 개발( Python/TensorFlow등 기반)[근무부서 및 직급/직책]근무부서: 인공지능연구소직급/직책: 사원 [자격요건...
78526735d90a85b9,"Machine Learning - iOS Software Engineer,",서울,"computer vision Python libraries... programming skills with proficiency in Python, Flask, iOS Dev tools, and GitHub..."
f219c18d551f52af,Renewables Consultant - Civil / Structure Engineering,서울,"customers; Familiarity with programming languages... Python or Matlab, etc; Proficiency in MS Office programs (primarily..."
07375dc4e800dfa9,추천 시스템 소프트웨어 엔지니어,성남 판교역,"관련 업무 경험자 우대사항 운영체제, 네트워크, 컴파일러, 데이터베이스에 대한 이해가 깊으신 분 Python, C++, GPU 프로그래밍 숙련자 대용량/실시간 서비스 개발/운영 경험이 많으신 분 ICPC/TopCoder..."
bc5131eb1f2981cb,이공지능(AI) / 딥러닝 / Computer Vision 경력자 정규직,서울 서초구,관련분야 석사 학위 이상 또는 개발 경험 2년 이상 • C++ / Python / OpenCV 개발 경험 [우대사항] • 딥러닝/컴퓨터버젼 관련... 통신·모바일·게임>응용프로그래머> Python|인터넷·IT·통신·모바일·게임...
11d06a906dfe933f,"JAVA, Python 경력 정규직",서울 서초구,"(주)마인케이 JAVA, Python 경력 정규직 채용 모집부문 및 자격요건 담당업무 자격요건 인원 [담당업무]자바, 코틀린, 파이썬, 개발 및 응용프... 로그래머>JAVA|인터넷·IT·통신·모바일·게임>응용프로그래머> Python"
b2eb1fe78ff9ee5f,[대기업] 데이터분석가 경력 (대리~과장급 2명),서울,"경력5년 이상-통계분석과 Machine Learning알고리즘에 대한 기본지식 보유-SQL, SAS, R, Python 중2개 이상의 분석도구에 대한 기본 이해-현상에 대한 문제인식과 적극적인 문제해결의지-통계적 수치에 대한..."
590b2c305431c4ca,Software Engineer (Point Cloud Processing),서울,experience in software development Highly skilled in C++ and Python Experience in Microservices Enthusiasm to learn new...
4adac8923476d038,프랭클린템플턴투신운용 Junior Trader (Quant base 필수),대한민국,"object-oriented programming and intermediate programming proficiency in Python, R or MATLAB, and SQL are essential. Licenses..."
47507f6ad0e0bcf1,"iOS 앱, iOS개발 외 신입/경력 정규직",서울 서대문구,로그래머>머신러닝(ML)|인터넷·IT·통신·모바일·게임>응용프로그래머> Python|인터넷·IT·통신·모바일·게임>응용프로그래머>증강현실(AR)|인터넷... 통신·모바일·게임>웹프로그래머> Python|인터넷·IT·통신·모바일·게임...
f621a8029e723115,Solution Consultant,서울,"OTC. Experience in programming languages... Python, R, VBA, SQL or Java Strong understanding of Financial Markets Strong..."
8c8c96a3ffac77f8,데이터 엔지니어 경력 정규직,서울 중구,"Redshift, Snowflake 등) 설계, 개발, 운영 경험• Python/R/dbt, Kafka/Airflow 등을 사용하여 데이터 전처리를... 게임>빅데이터·AI(인공지능)> Python|인터넷·IT·통신·모바일·게임..."
caf5ce762f9ea674,"Sales Engineer, Korea",서울,large-scale enterprise analytics deployment Experience in Python Familiarity with data storage and computing infrastructure...
be44e36acba57f57,[마포] 신약개발 빅데이터 인공지능 모델 개발 및 분석,서울 마포구,"지원 가능) • linux, python, R 사용가능자 • 딥러닝 라이브... 자모델링, 화학정보, 딥러닝, 라이브러리[지원자격]• linux, python, R 사용가능자• 딥러닝 라이브러리(tensorflow, pytorch..."
031eec3794f09645,[데이터] 데이터 서비스/플랫폼 개발,성남 판교역,"데이터 수집, 처리 및 지표 분석 경험 - 데이터 기반의 문제해결 역량 및 논리적 사고 - Java, Python, Scala 중 최소 1가지 언어를 이용한 데이터 분석 및 소프트웨어 개발 역량 - 통계분석, ML/AI..."
3c1c5dc51d08cf18,Web / Spring Framework 개발자,서울 금천구,게임>웹프로그래머>JAVA|인터넷·IT·통신·모바일·게임>웹프로그래머> Python|인터넷·IT·통신·모바일·게임>웹프로그래머>ASP|인터넷·IT·통신... 통신·모바일·게임>응용프로그래머> Python|인터넷·IT·통신·모바일·게임...
36e378ae85aac43e,"Software Engineer, Android Connectivity",서울 강남구,"following languages: C, C++, Java, or Python.Preferred qualifications:5 years... 그래머>C·C++|인터넷·IT·통신·모바일·게임>응용프로그래머> Python"
8fa17c6073918c5b,[경력] 하둡 플랫폼 서비스 개발자 모집,성남 판교역,"에 대한 기본 지식 Hadoop/ecosystem 활용/개발 경험 3년 이상 Java 필수, 그 외 Python, Ruby 중 1개 이상 언어로 개발 가능 Web framework를 이용한 서비스 개발 경험 우대 자격..."
68abe32585a52892,개발자 생산성 엔지니어,서울 강남구,모바일·게임>빅데이터·AI(인공지능)>인공지능(AI)|인터넷·IT·통신·모바일·게임>빅데이터·AI(인공지능)> Python|인터넷·IT·통신·모바일·게임>빅데이터·AI(인공지능)>머신러닝|인터넷·IT·통신·모바일·게임>빅데이터...
c8dfb06230dc2aba,Field Service Engineer Korea,경기도 용인,"troubleshooting. Preferably to have coding capability (Matlab, Python...etc... data analysis, visualization, and algorithm..."
4a0a00afe9aa08f7,웹개발자 신입 피아스페이스(주),서울 서초구,"츠관리 등)서비스 로직 설계, 구현, 배포데이터베이스 설계, 연동, 데이터 입출력- 필요업무역량 . Python Django . SQL 쿼리문, MySQL, [우대] 클라우드 DB . 서비스 설계, 제안, Discussion..."
e63d80feb70ad6c4,[환경가전 대기업] 인프라보안팀 인프라운영 (과장~차장),서울 구로구,"경험 보유 [우대사항] - 스스로 툴 작성이 가능하신분 ( Python, Go, Perl, Bash 등 활용) - 다양한 형태의 CICD 파이프라인... 스스로 툴 작성이 가능하신분 ( Python, Go, Perl, Bash 등..."
ceb8243bc8ae3c35,[데이터 플랫폼]서비스 데이터 엔지니어(전문연구요원 가능),서울,대용량 데이터 처리를 위한 인프라 스트럭처 개발 사내 데이터 분석 도구 개발 및 유지보수 이런 분을 찾습니다 Python 기반의 데이터 처리 경험이 있으신 분 Docker 환경에서 개발 경험이 있으신 분 AWS 클라우드 기반...
e30fe92d72ceb17c,"자율 주행, 로봇 SW 개발자",성남 수정구,"(주)에바 모집부문 및 자격요건 모집부문 담당업무 자격요건 인원 자율주행 SW 엔지니어 Python응용SW [담당업무]ROS 개발, 로봇 주행 알고리즘 개발, SW Optimization[근무부서 및 직급/직책]근무부서: 개발팀..."
20c20d5b4ade577d,C++ Developer for High Performance Cloud Database,서울,"C++ Experience in multi-thread programming Experience in SQL, Python, Git Experienced... development on Linux environment..."
dd48308dcebc1469,"Customer Engineer, Google Cloud Customers",서울 강남구,"scripting/programming languages: Java, Go, Kotlin, C#, Python, Perl... Shell Scripting.Ability to rapidly prototype..."
cae2de07045cfb2b,"Java, Python 영상툴 개발자",서울 마곡동,원하면 가능) 담당업무 - 영상 라벨링 Tool 개발 - Tool 정확성 개선 자격요건 - Java - Python 우대사항 - 관련 개발 경력 - 툴개발 경력 근무조건 - 월~금 AM9:30 ~ PM18:30 복지...
fc037709d0770796,System SW 엔지니어,성남 분당구,사항: 대학교(4년)졸업 이상 [기본 요구능력] - ASM/C/C++/ Python 언어 코딩 기술 - 운영체제 SW 설계 및 구현 - 알고리즘/네트워... 게임>빅데이터·AI(인공지능)> Python|인터넷·IT·통신·모바일·게임...
ad07d6a330fb619a,[NHN Cloud] 운영 및 기술지원,성남 판교역,"Linux, Microsoft Solutions 등) - 2년 이상의 개발 경험 (Java, Python 등) - 기술 문서 작성 및 가이드 경험이 풍부한 자 - 대외 고객 기술 지원 경험 - Windows..."
aa2836bca0adca28,Business Analyst,서울,"engineering related research. • Broad working knowledge of Python, Excel (inc. automation skills), Relational DBs, SQL..."
155996bae21250a5,"[Robotics] Robotics Software Engineer, Sensor System",서울,"기술 분야의 학사 이상 학위 ㅇ 로봇 센서 시스템 디자인 혹은 센서 처리 모듈 개발 및 최적화 경험 ㅇ Python/C++ 활용 능숙 ㅇ ROS/ROS2를 활용한 개발 경험 ㅇ Ultrasonic, 2D/3D camera..."
eba169ad2f8bfa95,Sr. Application Engineer - EBS,경기도 성남,"programming language like Visual Basic, VBScript, or Python is also highly desirable Programming Skills like C language..."
2165954253e0cd92,채용전제형 인턴십 모집,서울 여의도역,"금융투자분석사, CFA Level 1 이상 등 관련 자격 보유자 • 엑셀 VBA 프로그래밍, SQL Python, R 등 활용가능자 • 통계학, 머신러닝, AI 관련 지식 보유자 리테일 영업지원 (기획, 지원..."
6141229c69b83068,Web Front-end 개발자,서울 서초구,"Java Script, MariaDB 개발 플랫폼 : Visual Studio Code 우대 사항 : Python, Golang, RESTful API, Node.js, CSS, Docker, AWS, Azure, GCP..."
eb8f9fccedb6abec,VOD 소비패턴 분석 및 서비스개선,경기도 성남,"궁금하신 분 - B2C 서비스 데이터 분석 및 핸들링 경험이 있으신 분 - SQL, Excel R, Python, Tableau 등을 이용하여 데이터 추출/분석/시각화 가능하신 분 - 데이터 분석을 기반한 마케팅 경험이 있으신 분"
f22710f9c8c893d3,뱅크웨어글로벌(주)·유클릭 연계 과정,성남 분당구,통신·모바일·게임>웹프로그래머> Python|인터넷·IT·통신·모바일·게임... 로그래머>자바스크립트|인터넷·IT·통신·모바일·게임>응용프로그래머> Python|인터넷·IT·통신·모바일·게임>응용프로그래머>JAVA|인터넷·IT·통신...
6f396db339ab4ee3,의료기기시스템 검증 및 신뢰성 검증 담당자(의료),용인 수지구,"시험장비/설비 검/교정 및 유지보수- 3차원 측정기(CMM) 활용 가공 및 구동부 반복 정밀도 측정- Python, CAD 활용 시험 용 Tool 직접 설계 활용 또는 외주 제작 활용[자격요건]- 의료기기 부문 HW 개발..."
87985ee884920551,Business Analyst,서울,"engineering related research. • Broad working knowledge of Python, Excel (inc. automation skills), Relational DBs, SQL..."
98a3e3328fec92db,데이터 엔지니어,서울,"end pipeline의 개발 ( Python, Airflow, k8s 활용... 데이터베이스 등 기본적인 전산 지식에 대한 이해를 갖추신 분 - Python / Java / Scala / Kotlin / Go 등의 언어로 개발..."
06d133676285b02e,[보안] 침해사고 대응 보안,성남 판교역,"팩트 자동 수집 도구 개발 경험 - 아티팩트 분석 도구를 능숙하게 사용 가능하신 분 - C, Java, Python 등을 통한 업무 자동화 및 분석도구 개발 경험 - 기업 CERT 직무 수행 경험 - CVE 실무 경험..."
b574f1454ae36aab,Cross Border Ecommerce - Business Intelligence (Based in Seo...,서울,business analyst related roles Proficient in SQL and Python Strong analytical skill and sensitivity to data Strong oral...
eabf9d4b92aa1458,[웹젠] DBA(경력),성남 분당구,있는 분 - DB 서버 모니터링 및 장애 대응 경험이 있는 분 - Python에 관심이 있고 경험이 있는 분 • 기타 - 수시채용은 공고 게시 중에도... 장애 대응 경험이 있는 분 - Python에 관심이 있고 경험이 있는 분...
5861c2740c908a50,(서울시 용산) 전문 분석관 (석사),서울 용산구,"학위 이상ㆍ정보처리기사 자격 소지 ㆍ데이터 또는 무기효과 분야 연구 유경험자ㆍ통계/공학 SW(Matlab, Python, R 등) 운용 가능자 0명 서울시용산구 접수기간 2022년 2월 6일(일)까지 제출서류 이력서(이력..."
166aa0c72e94a266,Sr. Business Data Analyst,서울 강남구,"분 코호트 분석, 퍼널 분석 등 다양한 분석 방법론을 사용하실 수 있는 분 이런 분이라면 더욱 좋아요 Python 또는 R을 사용한 데이터 분석에 능숙하신 분 통계학, 경제학, 산업공학, 수학, 머신러닝 등 관련 전공..."
9b63b5f993896a6b,Product Engineer - MPC/MDP/MDM,경기도 성남,"experience... following: EDA with emphasis on semi OPC; C/C++, Python, TCL, MATLAB or any high-level programming language..."
96f1d761ebe9f845,"Lead Software Engineer, Search",서울,"related technical field. Experience coding in C++, Python, or Java. Ability to speak and write in English fluently..."
7b2496c8a71f02f2,광고데이터플랫폼 개발자 모집,성남 판교역,"무와 데이터 파이프라인 시스템 설계/구축/관리 업무를 수행하게 됩니다. 지원자격 개발 경력 3년 이상 Python, Java, Kotlin, Scala 중 하나 이상의 언어에 능통 SQL 또는 HiveQL에 능통 대용량..."
891485cc2a8e6779,인공지능 솔루션 (AI Solution) 개발,서울 서초구,Detection 등) 개발 경험• Python Library 사용 경험... 그래머>머신러닝(ML)|인터넷·IT·통신·모바일·게임>응용프로그래머> Python|인터넷·IT·통신·모바일·게임>빅데이터·AI(인공지능)>인공지능(AI...
108b132346b45d3e,Product Application Engineer,서울,customer problems Proficiency in debugging and working with Python/C++ Experience in QA and wants to grow... customer...
07ca8246e466046d,"인공지능(AI), 비전인식 신입/경력 정규직",창원 마산회원구,"• C++ / C# / Python 중 1개이상 사용가능 • MFC / QT... 무기술: 시스템프로그래머, 응용프로그램개발기타: • C++ / C# / Python 중 1개이상 사용가능• MFC / QT / OPENCV / SQL..."
5dd25746d945e947,빅데이터분석 담당자 in 자원순환 모바일 앱 스타트업,서울 성동구,AI(인공지능)>빅데이터|인터넷·IT·통신·모바일·게임>빅데이터·AI(인공지능)>데이터분석|인터넷·IT·통신·모바일·게임>빅데이터·AI(인공지능)> Python|인터넷·IT·통신·모바일·게임>빅데이터·AI(인공지능)>자연어처리
0229342521a71f63,(주)리얼데이터 분석컨설팅 인력,서울 성동구,이터·AI(인공지능)>데이터마이닝|인터넷·IT·통신·모바일·게임>빅데이터·AI(인공지능)>빅데이터|인터넷·IT·통신·모바일·게임>빅데이터·AI(인공지능)> Python|인터넷·IT·통신·모바일·게임>빅데이터·AI(인공지능)>R
c80b67aa02a7b226,인공지능연구소 우수인력 초빙 - 연구원 및 연구관리직 -,광주 북구,"기술 컴퓨터사이언스, 머신러닝, 컴파일러, 자연언어 처리, 네트워킹, 지능형 센서 관련 지식 Python/Java/C++/Web/App/API 프로그래밍, 딥러닝, 자연어처리, TCP/IP 등에 대한 지식 필요기술..."
25d823b03a3113d5,Sr. Application Engineer - AMS,경기도 성남,"plus Proficiency in Linux shell scripting, Tcl, and Python programming is a plus Proven ability to map simulator capabilities..."
eaa02bda27910226,사물인터넷(IoT) 개발자 정규직,경기도 파주,통신·모바일·게임>시스템프로그래머>임베디드(Embedded)|인터넷·IT·통신·모바일·게임>응용프로그래머> Python|인터넷·IT·통신·모바일·게임>소프트웨어·하드웨어>하드웨어|인터넷·IT·통신·모바일·게임>소프트웨어·하드웨...
b6eea437d4af95fd,[더블유게임즈 자회사] 기획/디자인/개발/데이터분석,서울 강남구,터넷·IT·통신·모바일·게임>응용프로그래머>JAVA|인터넷·IT·통신·모바일·게임>응용프로그래머>C#|인터넷·IT·통신·모바일·게임>응용프로그래머>Objective-C|인터넷·IT·통신·모바일·게임>응용프로그래머> Python
5c0a9cd462235c2f,4년제 대졸 취업연계과정(ICT·바이오·응용SW분야/전공무관/취업률100),성남 분당구,게임>빅데이터·AI(인공지능)> Python|인터넷·IT·통신·모바일·게임... 로그래머>머신러닝(ML)|인터넷·IT·통신·모바일·게임>응용프로그래머> Python|인터넷·IT·통신·모바일·게임>응용프로그래머>증강현실(AR)|인터넷...
43894f19dad2b694,"Strategic Cloud Engineer, Infrastructure, Google Cloud Profe...",서울,"writing software in one or more languages (e.g., Java, Python, etc.). Preferred qualifications: Experience with cluster..."
325769472a65579b,[웹젠] TA(Unreal Engine 4)(경력),성남 분당구,"티스트를 위한 툴 제작 및 각종 기술 문서 작성 (Blueprint, python, maxscript) - 아트 컨텐츠 관련 이슈 해결 및 기술 지원... 문서 작성 (Blueprint, python, maxscript) - 아트..."
dfa8a9a7dd5bd7d6,음성인식 서비스 개발자,서울 성동구,"Go 등의 백엔드 서비스 개발# 자격요건(필수사항)- 해당 분야 개발 경험 또는 그에 준하는 역량 보유자- Python 개발 역량 보유자- AI 관련 기술(머신러닝 및 딥러닝) 학습 이수자- Git(gitlab, github..."
6b46ce7e432daab8,Data Engineer & Scientist,서울 영등포구,"리즘에 대한 깊은 이해 - Data integrity, data governance 에 대한 이해 - Python Data & Analytics 라이브러리 경험 (NLTK, Spacy, Scikit-Learn, PyTorch..."
a0c7a150ee54bf18,Developer - Cloud Infrastructure,서울,Your tasks will include developing a python based scalable job execution platform... development with Python Experience...
e010f7780d479126,검색서비스 서버 개발 신입/경력,서울 관악구,"성별 : 무관 - 모집인원 : 0명 [기술 지원자격] - Linux 환경 개발 경력 - C/Java/ Python 개발 경력 - 서버 개발/운영 경력 [우대사항] - 자연어처리, 정보검색, 기계학습, 데이터 마이닝..."
8b5826f367d5c122,렌더링 엔진 개발자 모집,성남 백현동,"디자인 패턴, ReactiveX 활용 경험 - Java, Swift(Objective C), Lua, Python 등 다양한 언어 경험 - Computer Graphics 이해 - Image Processing 이해..."
90aa06e6e0113095,"Market Analyst & Data Scientist 안내(애널리스트,데이터사이언티스트)(병특포함)",서울 마포구,"분석 프로그램 활용 가능자전공: 경영/경제학, 통계학, 금융/산업공학, 수학 등 관련학과석박사 학위수여자 Python으로 다양한 software 활용 가능자 0 명 근무조건 고용형태: 정규직(수습기간3개월)근무부서: 물가분석..."
0c0d7bcb167feeef,[ 부산 IT 무료 교육 ] 클라우드 기반 파이썬 네트워크 정보시스템 과정,부산 부산진구,통신·모바일·게임>응용프로그래머>Android|인터넷·IT·통신·모바일·게임>빅데이터·AI(인공지능)> Python|인터넷·IT·통신·모바일·게임>빅데이터·AI(인공지능)>R|인터넷·IT·통신·모바일·게임>빅데이터·AI(인공지...
9144817ca6d5abb5,[경기지역 우수중소기업 온라인 박람회],성남 분당구,인터넷·IT·통신·모바일·게임>응용프로그래머>JAVA|인터넷·IT·통신·모바일·게임>응용프로그래머>C#|인터넷·IT·통신·모바일·게임>응용프로그래머>인공지능(AI)|인터넷·IT·통신·모바일·게임>응용프로그래머> Python
557fe7d3af887a99,Cymer Software Engineer,대한민국,"experience in C/C++/MFC, and C#/Java/Scripts(VB, Python, Java) programming in extra More than 1~2 years of development..."
e557832a1976f187,NAVER Cloud 사내 플랫폼 운영,성남 삼평동,"Network관련 기초 지식을 보유하고 계신 분 - script ( Python, Html, javascript, Linux shell 중 1개이상... WEB/WAS, DB운영 경험 - Python, JAVA 중 하나의 프로..."
79fb95da6dff4025,하반기 신입(채용 연계형 인턴) 수시채용,서울 마곡동,"Python, R, 기타 코딩 능력 보유자 또는 통계 분석에 대한 기초 지식 보유자 중 1개 해당자 우대사항 · 통계 분석에 대한 기초 지식 보유자 · 기초 프로그래밍 코딩 구현 능력 보유자 ( Python or R..."
d7527395199fd664,Consulting Engineer (Full Time) - Korea,서울,"experience in Linux and programming languages like Python, Java , JavaScript etc. • Strong communication and collaboration..."
